CHROM,POS,PI
TRINITY_DN11039_c0_g1_i1,599,0
TRINITY_DN11428_c0_g1_i1,1771,0.142857
TRINITY_DN12586_c0_g1_i1,286,0
TRINITY_DN12863_c0_g1_i1,143,0.263736
TRINITY_DN1307_c0_g1_i1,56,0.43956
TRINITY_DN1307_c0_g1_i1,158,0
TRINITY_DN1307_c0_g1_i1,260,0
TRINITY_DN13619_c0_g1_i1,361,0
TRINITY_DN13619_c0_g1_i1,364,0.362637
TRINITY_DN14445_c0_g1_i1,150,0
TRINITY_DN14590_c0_g1_i1,791,0
TRINITY_DN14997_c0_g1_i1,394,0
TRINITY_DN14997_c0_g1_i1,479,0.142857
TRINITY_DN14997_c0_g1_i1,568,0
TRINITY_DN16806_c0_g1_i1,152,0.142857
TRINITY_DN16999_c0_g1_i1,96,0
TRINITY_DN16999_c0_g1_i1,189,0
TRINITY_DN16999_c0_g1_i1,205,0.142857
TRINITY_DN16999_c0_g1_i1,233,0
TRINITY_DN16999_c0_g1_i1,330,0
TRINITY_DN16999_c0_g1_i1,483,0.142857
TRINITY_DN16999_c0_g1_i1,501,0
TRINITY_DN17505_c0_g1_i1,522,0.527473
TRINITY_DN17975_c1_g1_i1,395,0
TRINITY_DN17975_c1_g1_i1,476,0.538462
TRINITY_DN17975_c1_g1_i1,516,0
TRINITY_DN17975_c1_g1_i1,518,0
TRINITY_DN17975_c1_g1_i1,521,0
TRINITY_DN17975_c1_g1_i1,533,0
TRINITY_DN17975_c1_g1_i1,581,0
TRINITY_DN17975_c1_g1_i1,596,0.142857
TRINITY_DN17975_c1_g1_i1,629,0
TRINITY_DN19476_c0_g1_i1,87,0.142857
TRINITY_DN19476_c0_g1_i1,224,0
TRINITY_DN19557_c0_g1_i1,200,0.142857
TRINITY_DN19999_c0_g1_i1,338,0
TRINITY_DN20031_c0_g1_i1,227,0
TRINITY_DN20033_c0_g1_i1,266,0.142857
TRINITY_DN20033_c0_g1_i1,320,0.362637
TRINITY_DN20359_c0_g1_i1,555,0
TRINITY_DN20359_c0_g1_i1,1041,0.263736
TRINITY_DN20359_c0_g1_i1,1458,0
TRINITY_DN20397_c0_g1_i1,338,0.142857
TRINITY_DN20397_c0_g1_i1,344,0
TRINITY_DN20453_c0_g1_i1,240,0
TRINITY_DN20453_c0_g1_i1,294,0.142857
TRINITY_DN20502_c0_g1_i1,158,0.142857
TRINITY_DN20502_c0_g1_i1,335,0.263736
TRINITY_DN20691_c0_g1_i1,132,0.43956
TRINITY_DN20691_c0_g1_i1,140,0.43956
TRINITY_DN20691_c0_g1_i1,180,0.142857
TRINITY_DN20701_c0_g1_i1,270,0.142857
TRINITY_DN20701_c0_g1_i1,273,0.43956
TRINITY_DN20701_c0_g1_i1,294,0.263736
TRINITY_DN20973_c1_g1_i1,76,0
TRINITY_DN20973_c1_g1_i1,88,0
TRINITY_DN21169_c0_g1_i1,177,0.142857
TRINITY_DN21169_c0_g1_i1,183,0.142857
TRINITY_DN21210_c0_g1_i1,481,0.362637
TRINITY_DN21210_c0_g1_i1,766,0.263736
TRINITY_DN21256_c0_g1_i1,427,0.142857
TRINITY_DN21269_c0_g1_i1,701,0.142857
TRINITY_DN21269_c0_g1_i1,716,0
TRINITY_DN21269_c0_g1_i1,827,0.142857
TRINITY_DN21269_c0_g1_i1,881,0
TRINITY_DN21269_c0_g1_i1,920,0
TRINITY_DN21269_c0_g1_i1,959,0.527473
TRINITY_DN21311_c0_g1_i1,1046,0.527473
TRINITY_DN21452_c0_g1_i1,242,0.494505
TRINITY_DN21471_c0_g1_i1,221,0.538462
TRINITY_DN21471_c0_g1_i1,314,0.43956
TRINITY_DN22048_c0_g1_i1,419,0.142857
TRINITY_DN22229_c0_g1_i1,432,0
TRINITY_DN22229_c0_g1_i1,444,0.263736
TRINITY_DN22229_c0_g1_i1,462,0.43956
TRINITY_DN22452_c0_g1_i1,235,0
TRINITY_DN22452_c0_g1_i1,283,0.43956
TRINITY_DN22567_c0_g1_i1,220,0.142857
TRINITY_DN22567_c0_g1_i1,367,0
TRINITY_DN22567_c0_g1_i1,541,0.142857
TRINITY_DN22921_c0_g1_i1,1682,0.142857
TRINITY_DN23475_c0_g2_i1,575,0
TRINITY_DN24010_c0_g1_i1,266,0.142857
TRINITY_DN24064_c0_g1_i1,926,0
TRINITY_DN24303_c0_g1_i1,258,0.494505
TRINITY_DN24303_c0_g1_i1,270,0
TRINITY_DN24358_c0_g1_i1,454,0
TRINITY_DN24358_c0_g1_i1,616,0
TRINITY_DN24557_c0_g1_i1,933,0.142857
TRINITY_DN24557_c0_g1_i1,957,0.142857
TRINITY_DN24557_c0_g1_i1,991,0
TRINITY_DN25290_c0_g1_i1,382,0.263736
TRINITY_DN25290_c0_g1_i1,388,0
TRINITY_DN25359_c0_g1_i1,224,0.142857
TRINITY_DN25359_c0_g1_i1,272,0.142857
TRINITY_DN25359_c0_g1_i1,284,0
TRINITY_DN25525_c0_g1_i1,837,0
TRINITY_DN25633_c0_g1_i1,593,0.142857
TRINITY_DN25633_c0_g1_i1,599,0.142857
TRINITY_DN25633_c0_g1_i1,614,0
TRINITY_DN25633_c0_g1_i1,635,0
TRINITY_DN25633_c0_g1_i1,638,0
TRINITY_DN25633_c0_g1_i1,707,0.142857
TRINITY_DN25682_c0_g1_i1,326,0
TRINITY_DN25682_c0_g1_i1,417,0
TRINITY_DN25829_c0_g1_i1,274,0
TRINITY_DN25829_c0_g1_i1,403,0
TRINITY_DN25829_c0_g1_i1,478,0.142857
TRINITY_DN25829_c0_g2_i1,485,0
TRINITY_DN25887_c0_g1_i1,459,0.494505
TRINITY_DN25892_c0_g2_i1,490,0.362637
TRINITY_DN25892_c0_g2_i1,502,0
TRINITY_DN25892_c0_g2_i1,562,0.263736
TRINITY_DN25983_c0_g1_i1,357,0.263736
TRINITY_DN2692_c0_g2_i1,580,0
TRINITY_DN2692_c0_g2_i1,583,0
TRINITY_DN2692_c0_g2_i1,604,0
TRINITY_DN2692_c0_g2_i1,608,0
TRINITY_DN2692_c0_g2_i1,613,0
TRINITY_DN2692_c0_g2_i1,614,0
TRINITY_DN2692_c0_g2_i1,619,0
TRINITY_DN2692_c0_g2_i1,622,0
TRINITY_DN26067_c0_g1_i1,363,0.494505
TRINITY_DN26097_c0_g1_i1,230,0.362637
TRINITY_DN26109_c0_g1_i1,148,0.527473
TRINITY_DN26117_c0_g1_i1,501,0
TRINITY_DN26117_c0_g1_i1,578,0.362637
TRINITY_DN26117_c0_g1_i1,588,0.142857
TRINITY_DN26117_c0_g1_i1,654,0
TRINITY_DN26117_c0_g1_i1,660,0.142857
TRINITY_DN26117_c0_g1_i1,711,0.142857
TRINITY_DN26156_c0_g2_i1,145,0.43956
TRINITY_DN26156_c0_g2_i1,151,0.43956
TRINITY_DN26156_c0_g2_i1,157,0.43956
TRINITY_DN26156_c0_g2_i1,160,0.43956
TRINITY_DN26156_c0_g2_i1,163,0.43956
TRINITY_DN26156_c0_g2_i1,181,0.362637
TRINITY_DN26156_c0_g2_i1,202,0
TRINITY_DN26156_c0_g2_i1,208,0
TRINITY_DN26156_c0_g2_i1,229,0.142857
TRINITY_DN26156_c0_g2_i1,253,0
TRINITY_DN26156_c0_g2_i1,289,0
TRINITY_DN26156_c0_g2_i1,544,0
TRINITY_DN26408_c0_g1_i1,128,0.362637
TRINITY_DN26408_c0_g1_i1,158,0
TRINITY_DN26408_c0_g1_i1,185,0
TRINITY_DN26408_c0_g1_i1,218,0
TRINITY_DN26408_c0_g1_i1,239,0
TRINITY_DN26408_c0_g1_i1,278,0
TRINITY_DN26408_c0_g1_i1,371,0
TRINITY_DN26524_c0_g1_i1,951,0.263736
TRINITY_DN26620_c0_g1_i1,239,0.538462
TRINITY_DN26757_c0_g1_i1,805,0.142857
TRINITY_DN26804_c0_g1_i1,109,0.142857
TRINITY_DN26804_c0_g1_i1,201,0.494505
TRINITY_DN26804_c0_g1_i1,226,0
TRINITY_DN26804_c0_g1_i1,265,0.527473
TRINITY_DN26804_c0_g1_i1,361,0.263736
TRINITY_DN27060_c0_g1_i1,436,0
TRINITY_DN27060_c0_g1_i1,520,0.263736
TRINITY_DN27060_c0_g1_i1,541,0
TRINITY_DN27060_c0_g1_i1,616,0.362637
TRINITY_DN27060_c0_g1_i1,859,0
TRINITY_DN27060_c0_g1_i1,873,0
TRINITY_DN27060_c0_g1_i1,895,0.142857
TRINITY_DN27233_c0_g1_i1,187,0.142857
TRINITY_DN27311_c0_g1_i1,360,0.142857
TRINITY_DN27311_c0_g1_i1,411,0.142857
TRINITY_DN27311_c0_g1_i1,480,0.263736
TRINITY_DN27425_c0_g1_i1,327,0
TRINITY_DN27495_c0_g1_i1,157,0
TRINITY_DN27495_c0_g1_i1,198,0
TRINITY_DN27495_c0_g1_i1,339,0
TRINITY_DN27495_c0_g1_i1,360,0.494505
TRINITY_DN27495_c0_g1_i1,573,0
TRINITY_DN27908_c0_g1_i1,554,0
TRINITY_DN28217_c1_g1_i1,158,0
TRINITY_DN28217_c1_g1_i1,221,0.494505
TRINITY_DN28217_c1_g1_i1,440,0
TRINITY_DN28217_c1_g1_i1,464,0
TRINITY_DN28343_c0_g1_i1,120,0
TRINITY_DN28343_c0_g1_i1,229,0.538462
TRINITY_DN28343_c0_g1_i1,237,0.142857
TRINITY_DN28343_c0_g1_i1,262,0
TRINITY_DN28606_c0_g2_i1,358,0
TRINITY_DN28606_c0_g2_i1,370,0
TRINITY_DN28606_c0_g2_i1,448,0.362637
TRINITY_DN28629_c0_g1_i1,69,0
TRINITY_DN28750_c0_g1_i1,146,0.263736
TRINITY_DN28750_c0_g1_i1,197,0.263736
TRINITY_DN28815_c0_g2_i1,99,0.142857
TRINITY_DN29035_c0_g1_i1,136,0
TRINITY_DN29058_c0_g2_i1,252,0.538462
TRINITY_DN29129_c0_g1_i1,277,0
TRINITY_DN29129_c0_g1_i1,289,0.43956
TRINITY_DN29349_c0_g3_i1,310,0.263736
TRINITY_DN29428_c0_g1_i1,456,0
TRINITY_DN29428_c0_g1_i1,501,0
TRINITY_DN29428_c0_g1_i1,507,0
TRINITY_DN29510_c0_g1_i1,441,0.538462
TRINITY_DN29586_c0_g1_i1,159,0
TRINITY_DN29586_c0_g1_i1,189,0
TRINITY_DN29586_c0_g1_i1,198,0
TRINITY_DN29586_c0_g1_i1,297,0
TRINITY_DN29610_c0_g2_i1,325,0.494505
TRINITY_DN29610_c0_g2_i1,331,0.494505
TRINITY_DN29610_c0_g2_i1,337,0.43956
TRINITY_DN29610_c0_g2_i1,340,0.263736
TRINITY_DN29610_c0_g2_i1,349,0.263736
TRINITY_DN29610_c0_g2_i1,358,0.494505
TRINITY_DN29610_c0_g2_i1,388,0.43956
TRINITY_DN29610_c0_g2_i1,391,0.43956
TRINITY_DN29774_c0_g2_i1,633,0.362637
TRINITY_DN29774_c0_g2_i1,888,0.142857
TRINITY_DN29804_c0_g1_i1,205,0.142857
TRINITY_DN29804_c0_g1_i1,757,0.43956
TRINITY_DN29929_c0_g1_i1,415,0
TRINITY_DN29983_c0_g1_i1,901,0.263736
TRINITY_DN30223_c0_g3_i1,489,0.263736
TRINITY_DN30223_c0_g3_i1,498,0
TRINITY_DN30235_c0_g4_i1,171,0
TRINITY_DN30257_c0_g1_i1,560,0.43956
TRINITY_DN30262_c0_g1_i1,284,0.43956
TRINITY_DN30319_c0_g1_i1,1543,0
TRINITY_DN30497_c1_g1_i1,83,0.142857
TRINITY_DN30497_c1_g1_i1,98,0.43956
TRINITY_DN30497_c1_g1_i1,128,0.142857
TRINITY_DN30497_c1_g1_i1,239,0.142857
TRINITY_DN30497_c1_g1_i1,728,0
TRINITY_DN30497_c1_g1_i1,758,0.263736
TRINITY_DN30497_c1_g1_i1,977,0.263736
TRINITY_DN30497_c1_g1_i1,1295,0
TRINITY_DN30497_c1_g1_i1,1541,0.142857
TRINITY_DN30497_c1_g1_i1,1643,0.142857
TRINITY_DN30510_c0_g1_i1,595,0.362637
TRINITY_DN30510_c0_g1_i1,622,0
TRINITY_DN30510_c0_g1_i1,667,0
TRINITY_DN30510_c0_g1_i1,691,0.263736
TRINITY_DN30510_c0_g1_i1,700,0
TRINITY_DN30510_c0_g1_i1,844,0.263736
TRINITY_DN30510_c0_g1_i1,877,0.494505
TRINITY_DN30510_c0_g1_i1,1015,0.142857
TRINITY_DN30527_c0_g1_i1,263,0
TRINITY_DN30561_c0_g1_i2,189,0.538462
TRINITY_DN30561_c2_g1_i1,181,0
TRINITY_DN30561_c2_g1_i1,190,0.263736
TRINITY_DN30561_c2_g1_i1,220,0.527473
TRINITY_DN30586_c1_g1_i1,62,0
TRINITY_DN30586_c1_g1_i1,215,0
TRINITY_DN30692_c0_g2_i1,471,0.142857
TRINITY_DN30692_c0_g2_i1,489,0
TRINITY_DN30699_c1_g1_i1,206,0.142857
TRINITY_DN30699_c1_g1_i1,235,0.527473
TRINITY_DN30699_c1_g1_i1,237,0.494505
TRINITY_DN30699_c1_g1_i1,267,0.494505
TRINITY_DN30699_c1_g1_i1,280,0.494505
TRINITY_DN30699_c1_g1_i1,286,0.494505
TRINITY_DN30699_c1_g1_i1,289,0.494505
TRINITY_DN30699_c1_g1_i1,292,0.494505
TRINITY_DN30699_c1_g1_i1,319,0.494505
TRINITY_DN30699_c1_g1_i1,322,0.494505
TRINITY_DN30699_c1_g1_i1,325,0.494505
TRINITY_DN30699_c1_g1_i1,331,0.494505
TRINITY_DN30699_c1_g1_i1,337,0.494505
TRINITY_DN30699_c1_g1_i1,349,0.494505
TRINITY_DN30699_c1_g1_i1,350,0.494505
TRINITY_DN30699_c1_g1_i1,397,0.142857
TRINITY_DN30699_c1_g1_i1,979,0.142857
TRINITY_DN30699_c1_g1_i1,994,0
TRINITY_DN30699_c1_g1_i1,1150,0
TRINITY_DN30838_c0_g1_i1,87,0.494505
TRINITY_DN30917_c0_g1_i1,387,0.142857
TRINITY_DN30917_c0_g1_i1,399,0
TRINITY_DN30917_c0_g1_i1,414,0
TRINITY_DN30960_c0_g1_i1,626,0.494505
TRINITY_DN30960_c0_g1_i1,1043,0.263736
TRINITY_DN31132_c0_g2_i1,211,0
TRINITY_DN31132_c0_g2_i1,604,0.538462
TRINITY_DN31264_c1_g1_i1,209,0.43956
TRINITY_DN31264_c1_g1_i1,236,0.494505
TRINITY_DN31264_c1_g1_i1,269,0
TRINITY_DN31264_c1_g1_i1,362,0
TRINITY_DN31271_c0_g1_i1,166,0.494505
TRINITY_DN31271_c0_g1_i1,176,0.142857
TRINITY_DN31271_c0_g1_i1,179,0.142857
TRINITY_DN31271_c0_g1_i1,305,0.43956
TRINITY_DN31271_c0_g1_i1,398,0.142857
TRINITY_DN31293_c0_g1_i1,192,0.527473
TRINITY_DN31361_c0_g2_i1,322,0
TRINITY_DN31450_c1_g1_i1,53,0
TRINITY_DN31450_c1_g1_i1,65,0
TRINITY_DN31450_c1_g1_i1,149,0
TRINITY_DN31459_c0_g1_i1,367,0.43956
TRINITY_DN31501_c0_g1_i1,257,0
TRINITY_DN31548_c0_g1_i1,449,0.142857
TRINITY_DN31613_c0_g1_i1,614,0.263736
TRINITY_DN31613_c0_g1_i1,620,0.142857
TRINITY_DN31613_c0_g1_i1,623,0.142857
TRINITY_DN31613_c0_g1_i1,624,0.142857
TRINITY_DN31613_c0_g1_i1,632,0.142857
TRINITY_DN31613_c0_g1_i1,635,0.142857
TRINITY_DN31911_c0_g1_i1,342,0.142857
TRINITY_DN31911_c0_g1_i1,440,0
TRINITY_DN31911_c0_g1_i1,446,0.142857
TRINITY_DN31911_c0_g1_i1,461,0
TRINITY_DN31922_c0_g1_i1,347,0
TRINITY_DN31926_c0_g1_i1,345,0
TRINITY_DN31966_c0_g2_i1,241,0.142857
TRINITY_DN31966_c0_g2_i1,250,0.142857
TRINITY_DN31966_c0_g2_i1,256,0.142857
TRINITY_DN31966_c0_g2_i1,259,0.142857
TRINITY_DN31966_c0_g2_i1,262,0.142857
TRINITY_DN31966_c0_g2_i1,268,0.142857
TRINITY_DN31966_c0_g2_i1,292,0.142857
TRINITY_DN31966_c0_g2_i1,301,0.142857
TRINITY_DN31968_c0_g1_i1,594,0.362637
TRINITY_DN31974_c0_g3_i1,96,0.263736
TRINITY_DN32048_c0_g1_i1,762,0.538462
TRINITY_DN32048_c0_g1_i1,837,0.263736
TRINITY_DN32176_c0_g2_i1,1132,0.263736
TRINITY_DN32244_c0_g1_i2,446,0
TRINITY_DN32244_c0_g1_i2,485,0
TRINITY_DN32257_c0_g1_i1,235,0
TRINITY_DN32257_c0_g1_i1,244,0
TRINITY_DN32257_c0_g1_i1,253,0
TRINITY_DN32257_c0_g1_i1,254,0
TRINITY_DN32257_c0_g1_i1,259,0
TRINITY_DN32257_c0_g1_i1,331,0
TRINITY_DN32329_c0_g2_i1,619,0.362637
TRINITY_DN32329_c0_g2_i1,629,0.142857
TRINITY_DN32463_c1_g1_i1,112,0.142857
TRINITY_DN32463_c1_g1_i1,115,0.142857
TRINITY_DN32463_c1_g1_i1,127,0.362637
TRINITY_DN32463_c1_g1_i1,136,0
TRINITY_DN32463_c1_g1_i1,139,0.362637
TRINITY_DN32463_c1_g1_i1,142,0.362637
TRINITY_DN32463_c1_g1_i1,154,0.362637
TRINITY_DN32463_c1_g1_i1,160,0
TRINITY_DN32463_c1_g1_i1,166,0.263736
TRINITY_DN32463_c1_g1_i1,172,0.362637
TRINITY_DN32463_c1_g1_i1,178,0.43956
TRINITY_DN32463_c1_g1_i1,202,0.142857
TRINITY_DN32463_c1_g1_i1,205,0.362637
TRINITY_DN32463_c1_g1_i1,220,0.362637
TRINITY_DN32463_c1_g1_i1,442,0.362637
TRINITY_DN32463_c1_g1_i1,466,0.142857
TRINITY_DN32463_c1_g1_i1,556,0
TRINITY_DN32527_c0_g1_i1,157,0
TRINITY_DN32527_c0_g1_i1,181,0
TRINITY_DN32667_c0_g2_i1,412,0
TRINITY_DN32667_c0_g2_i1,457,0.263736
TRINITY_DN32667_c0_g2_i1,562,0.43956
TRINITY_DN32706_c0_g2_i2,336,0.142857
TRINITY_DN32706_c0_g2_i2,354,0.142857
TRINITY_DN32706_c0_g2_i2,356,0.142857
TRINITY_DN32706_c0_g2_i2,363,0.142857
TRINITY_DN32706_c0_g2_i2,365,0.142857
TRINITY_DN32706_c0_g2_i2,369,0.142857
TRINITY_DN32791_c0_g3_i1,366,0
TRINITY_DN32791_c0_g3_i1,405,0.263736
TRINITY_DN32791_c0_g3_i1,438,0
TRINITY_DN32882_c0_g1_i1,165,0.142857
TRINITY_DN32882_c0_g1_i1,299,0
TRINITY_DN32895_c0_g1_i1,644,0.142857
TRINITY_DN32915_c0_g1_i1,87,0.362637
TRINITY_DN32953_c0_g1_i1,167,0
TRINITY_DN32953_c0_g2_i1,194,0
TRINITY_DN33015_c0_g1_i1,952,0.263736
TRINITY_DN33015_c0_g1_i1,979,0.263736
TRINITY_DN33024_c0_g1_i1,749,0.494505
TRINITY_DN33024_c0_g1_i1,809,0
TRINITY_DN33024_c0_g1_i1,824,0.263736
TRINITY_DN33024_c0_g1_i1,845,0.142857
TRINITY_DN33024_c0_g1_i1,851,0.527473
TRINITY_DN33085_c0_g1_i1,132,0
TRINITY_DN33085_c0_g1_i1,188,0
TRINITY_DN33141_c0_g2_i1,279,0
TRINITY_DN33188_c0_g2_i1,110,0.43956
TRINITY_DN33188_c0_g2_i1,371,0.142857
TRINITY_DN33196_c0_g1_i1,267,0.142857
TRINITY_DN33196_c0_g1_i1,385,0
TRINITY_DN33196_c0_g1_i1,1047,0
TRINITY_DN33196_c0_g1_i1,1089,0.263736
TRINITY_DN33350_c0_g1_i1,451,0
TRINITY_DN33389_c1_g1_i1,219,0.142857
TRINITY_DN33389_c1_g1_i1,330,0.142857
TRINITY_DN33397_c1_g1_i2,116,0
TRINITY_DN33397_c1_g1_i2,122,0
TRINITY_DN33397_c1_g1_i2,149,0.362637
TRINITY_DN33397_c1_g1_i2,158,0.362637
TRINITY_DN33397_c1_g1_i2,164,0.263736
TRINITY_DN33397_c1_g1_i2,170,0.142857
TRINITY_DN33397_c1_g1_i2,176,0.142857
TRINITY_DN33397_c1_g1_i2,179,0
TRINITY_DN33397_c1_g1_i2,191,0
TRINITY_DN33397_c1_g1_i2,194,0
TRINITY_DN33397_c1_g1_i2,197,0
TRINITY_DN33397_c1_g1_i2,203,0
TRINITY_DN33397_c2_g4_i1,132,0
TRINITY_DN33397_c2_g4_i1,135,0
TRINITY_DN33397_c2_g4_i1,144,0
TRINITY_DN33397_c2_g4_i1,162,0
TRINITY_DN33397_c2_g4_i1,165,0
TRINITY_DN33397_c2_g4_i1,183,0.142857
TRINITY_DN33397_c2_g4_i1,213,0
TRINITY_DN33397_c2_g4_i1,249,0.43956
TRINITY_DN33675_c0_g1_i1,134,0.142857
TRINITY_DN33675_c0_g1_i1,760,0
TRINITY_DN33675_c0_g1_i1,871,0
TRINITY_DN33723_c0_g1_i1,481,0
TRINITY_DN33723_c0_g1_i1,606,0.362637
TRINITY_DN33742_c1_g2_i1,203,0.527473
TRINITY_DN33780_c0_g1_i1,94,0.43956
TRINITY_DN33780_c0_g1_i1,226,0
TRINITY_DN33780_c0_g1_i1,238,0
TRINITY_DN33780_c0_g1_i1,259,0.142857
TRINITY_DN33893_c0_g1_i1,302,0.263736
TRINITY_DN33904_c0_g1_i1,270,0
TRINITY_DN33904_c0_g1_i1,311,0.527473
TRINITY_DN33904_c0_g1_i1,362,0.142857
TRINITY_DN33904_c0_g1_i1,698,0.142857
TRINITY_DN33904_c0_g1_i1,701,0.142857
TRINITY_DN33929_c0_g3_i1,660,0.142857
TRINITY_DN34153_c0_g1_i1,319,0
TRINITY_DN34156_c0_g1_i1,460,0.527473
TRINITY_DN34156_c0_g1_i1,478,0.43956
TRINITY_DN34156_c0_g1_i1,592,0.43956
TRINITY_DN34166_c0_g2_i1,862,0
TRINITY_DN34170_c0_g1_i1,178,0.362637
TRINITY_DN34185_c0_g1_i1,253,0
TRINITY_DN34223_c0_g1_i1,831,0
TRINITY_DN34223_c0_g1_i1,936,0
TRINITY_DN34223_c0_g1_i1,960,0
TRINITY_DN34223_c0_g1_i1,1014,0.362637
TRINITY_DN34223_c0_g1_i1,1104,0.142857
TRINITY_DN34223_c0_g1_i1,1107,0
TRINITY_DN34223_c0_g1_i1,1167,0.527473
TRINITY_DN34250_c0_g1_i1,175,0.362637
TRINITY_DN34250_c0_g1_i1,199,0
TRINITY_DN34355_c0_g1_i1,204,0.362637
TRINITY_DN34355_c0_g1_i1,207,0.362637
TRINITY_DN34355_c0_g1_i1,216,0.362637
TRINITY_DN34355_c0_g1_i1,228,0.362637
TRINITY_DN34355_c0_g1_i1,231,0.362637
TRINITY_DN34355_c0_g1_i1,234,0.362637
TRINITY_DN34483_c0_g1_i1,171,0.527473
TRINITY_DN34483_c0_g1_i1,354,0
TRINITY_DN34530_c0_g1_i1,79,0
TRINITY_DN34530_c0_g1_i1,172,0.494505
TRINITY_DN34530_c0_g1_i1,382,0
TRINITY_DN34530_c0_g1_i1,427,0.142857
TRINITY_DN34530_c0_g1_i1,442,0.43956
TRINITY_DN34592_c0_g1_i1,518,0
TRINITY_DN34621_c1_g2_i1,76,0.263736
TRINITY_DN34621_c1_g2_i1,97,0
TRINITY_DN34621_c1_g2_i1,116,0
TRINITY_DN34621_c1_g2_i1,124,0.263736
TRINITY_DN34621_c1_g2_i1,145,0
TRINITY_DN34621_c1_g2_i1,166,0
TRINITY_DN34621_c1_g2_i1,175,0
TRINITY_DN34621_c2_g2_i1,157,0.538462
TRINITY_DN34621_c2_g2_i1,166,0.538462
TRINITY_DN34621_c2_g2_i1,175,0.527473
TRINITY_DN34647_c0_g2_i1,335,0
TRINITY_DN34661_c0_g1_i1,420,0.538462
TRINITY_DN34661_c0_g1_i1,489,0
TRINITY_DN34661_c0_g1_i1,837,0
TRINITY_DN34661_c0_g1_i1,864,0
TRINITY_DN34670_c0_g1_i1,139,0.362637
TRINITY_DN34670_c0_g1_i1,226,0.142857
TRINITY_DN34708_c0_g2_i1,607,0.142857
TRINITY_DN34722_c0_g2_i1,297,0.362637
TRINITY_DN34728_c1_g1_i1,255,0.263736
TRINITY_DN34728_c1_g1_i1,345,0.263736
TRINITY_DN34875_c0_g1_i1,749,0.362637
TRINITY_DN34928_c0_g1_i1,127,0.142857
TRINITY_DN34928_c0_g1_i1,187,0.142857
TRINITY_DN34928_c0_g1_i1,205,0
TRINITY_DN34928_c0_g1_i1,289,0
TRINITY_DN34928_c0_g1_i1,547,0.263736
TRINITY_DN34928_c0_g1_i1,553,0
TRINITY_DN34931_c0_g1_i1,962,0.527473
TRINITY_DN34931_c0_g1_i1,965,0.527473
TRINITY_DN34931_c0_g1_i1,983,0.494505
TRINITY_DN34931_c0_g1_i1,1004,0.142857
TRINITY_DN34972_c0_g1_i1,1213,0.362637
TRINITY_DN34972_c0_g1_i1,1225,0
TRINITY_DN34972_c0_g1_i1,1252,0.362637
TRINITY_DN34987_c0_g2_i1,91,0.142857
TRINITY_DN34987_c0_g2_i1,187,0.142857
TRINITY_DN34987_c0_g2_i1,388,0.142857
TRINITY_DN35026_c0_g1_i1,1462,0
TRINITY_DN35026_c0_g1_i1,1495,0.263736
TRINITY_DN35026_c0_g1_i1,1570,0.263736
TRINITY_DN35026_c0_g1_i1,1588,0
TRINITY_DN35027_c1_g1_i1,348,0
TRINITY_DN35027_c1_g1_i1,615,0.142857
TRINITY_DN35039_c1_g1_i1,725,0
TRINITY_DN35039_c1_g1_i1,737,0.362637
TRINITY_DN35067_c1_g1_i1,433,0.142857
TRINITY_DN35067_c1_g1_i1,469,0
TRINITY_DN35067_c1_g1_i1,514,0.142857
TRINITY_DN35067_c1_g1_i1,583,0
TRINITY_DN35070_c0_g1_i1,473,0
TRINITY_DN35070_c0_g1_i1,557,0.142857
TRINITY_DN35070_c0_g1_i1,629,0.142857
TRINITY_DN35091_c1_g1_i1,149,0.362637
TRINITY_DN35091_c1_g1_i2,225,0.263736
TRINITY_DN35091_c1_g1_i2,240,0.263736
TRINITY_DN35208_c0_g1_i1,1048,0
TRINITY_DN35208_c0_g1_i1,1393,0
TRINITY_DN35234_c0_g1_i1,745,0
TRINITY_DN35300_c0_g1_i1,153,0
TRINITY_DN35300_c0_g1_i1,582,0
TRINITY_DN35300_c0_g1_i1,783,0.43956
TRINITY_DN35340_c1_g1_i1,380,0
TRINITY_DN35340_c1_g1_i1,407,0.362637
TRINITY_DN35340_c1_g1_i2,274,0.142857
TRINITY_DN35340_c2_g1_i1,58,0
TRINITY_DN35340_c2_g1_i1,61,0
TRINITY_DN35390_c0_g1_i1,266,0
TRINITY_DN35390_c0_g1_i1,284,0.263736
TRINITY_DN35390_c0_g1_i1,356,0
TRINITY_DN35464_c0_g1_i1,567,0.142857
TRINITY_DN35509_c0_g2_i1,617,0.142857
TRINITY_DN35509_c0_g2_i1,716,0
TRINITY_DN35509_c0_g2_i1,731,0.142857
TRINITY_DN35509_c0_g2_i1,845,0
TRINITY_DN35575_c0_g1_i1,379,0
TRINITY_DN35575_c0_g1_i1,400,0.494505
TRINITY_DN35673_c1_g2_i2,553,0
TRINITY_DN35709_c0_g2_i1,356,0
TRINITY_DN35709_c0_g2_i1,359,0
TRINITY_DN35709_c0_g2_i1,395,0
TRINITY_DN35709_c0_g2_i1,404,0.263736
TRINITY_DN35709_c0_g2_i1,419,0
TRINITY_DN35710_c0_g1_i1,281,0
TRINITY_DN35743_c0_g1_i1,163,0.263736
TRINITY_DN35823_c1_g1_i1,916,0
TRINITY_DN35849_c0_g1_i1,946,0.263736
TRINITY_DN35849_c0_g1_i1,1021,0.142857
TRINITY_DN35849_c0_g1_i1,1111,0.142857
TRINITY_DN35849_c0_g1_i1,1168,0.494505
TRINITY_DN35900_c0_g1_i1,578,0
TRINITY_DN35900_c0_g1_i1,685,0
TRINITY_DN35906_c1_g1_i1,1898,0.43956
TRINITY_DN35910_c0_g2_i1,264,0.362637
TRINITY_DN35929_c1_g1_i1,204,0.142857
TRINITY_DN35929_c1_g1_i1,312,0.494505
TRINITY_DN35929_c1_g1_i1,351,0.362637
TRINITY_DN35929_c1_g1_i1,507,0.263736
TRINITY_DN35929_c1_g1_i1,627,0
TRINITY_DN35952_c1_g1_i2,398,0.142857
TRINITY_DN35986_c0_g1_i2,61,0.494505
TRINITY_DN35986_c0_g1_i2,103,0.494505
TRINITY_DN35986_c0_g1_i2,121,0.362637
TRINITY_DN35986_c0_g1_i2,148,0.494505
TRINITY_DN35986_c0_g1_i2,225,0.494505
TRINITY_DN35986_c0_g2_i1,153,0
TRINITY_DN35986_c0_g2_i1,177,0
TRINITY_DN36015_c0_g1_i2,970,0.142857
TRINITY_DN36025_c0_g1_i1,352,0
TRINITY_DN36025_c0_g1_i1,572,0.263736
TRINITY_DN36056_c0_g2_i1,132,0
TRINITY_DN36056_c0_g2_i1,300,0
TRINITY_DN36056_c0_g2_i1,312,0.43956
TRINITY_DN36098_c0_g1_i1,722,0
TRINITY_DN36098_c0_g1_i1,1046,0.142857
TRINITY_DN36098_c0_g1_i1,1052,0
TRINITY_DN36098_c0_g1_i1,1064,0
TRINITY_DN36098_c0_g1_i1,1184,0.142857
TRINITY_DN36173_c0_g1_i1,256,0.142857
TRINITY_DN36173_c0_g1_i1,353,0
TRINITY_DN36178_c0_g1_i2,845,0.263736
TRINITY_DN36178_c0_g1_i2,851,0
TRINITY_DN36186_c0_g1_i1,164,0.362637
TRINITY_DN36189_c0_g1_i1,1920,0.538462
TRINITY_DN36189_c0_g1_i1,1929,0
TRINITY_DN36189_c0_g1_i1,2238,0.142857
TRINITY_DN36202_c0_g1_i1,983,0.494505
TRINITY_DN36341_c0_g9_i1,169,0.362637
TRINITY_DN36358_c0_g3_i1,844,0.142857
TRINITY_DN36358_c0_g3_i1,920,0
TRINITY_DN36391_c0_g1_i2,215,0
TRINITY_DN36392_c0_g2_i1,95,0.263736
TRINITY_DN36392_c0_g2_i1,185,0.494505
TRINITY_DN36408_c0_g1_i1,686,0.142857
TRINITY_DN36408_c0_g1_i1,761,0.362637
TRINITY_DN36418_c0_g1_i1,537,0
TRINITY_DN36418_c0_g1_i1,750,0
TRINITY_DN36418_c0_g1_i1,1239,0.43956
TRINITY_DN36420_c0_g1_i1,658,0.142857
TRINITY_DN36439_c0_g1_i1,548,0
TRINITY_DN36462_c0_g1_i1,516,0.263736
TRINITY_DN36487_c0_g1_i1,121,0.43956
TRINITY_DN36487_c0_g1_i1,156,0.142857
TRINITY_DN36487_c0_g1_i1,580,0.494505
TRINITY_DN36487_c0_g1_i1,670,0.263736
TRINITY_DN36490_c1_g2_i1,197,0.527473
TRINITY_DN36490_c1_g2_i1,206,0.43956
TRINITY_DN36490_c1_g2_i2,152,0
TRINITY_DN36490_c1_g2_i2,200,0
TRINITY_DN36490_c1_g2_i2,212,0
TRINITY_DN36490_c1_g2_i2,232,0
TRINITY_DN36490_c1_g2_i2,488,0.263736
TRINITY_DN36490_c1_g2_i2,548,0.142857
TRINITY_DN36490_c1_g2_i2,710,0
TRINITY_DN36493_c0_g1_i1,258,0.263736
TRINITY_DN36493_c0_g1_i1,366,0.263736
TRINITY_DN36493_c0_g1_i1,402,0.263736
TRINITY_DN36565_c0_g3_i1,240,0
TRINITY_DN36571_c3_g1_i1,487,0.494505
TRINITY_DN36579_c0_g1_i1,267,0.142857
TRINITY_DN36580_c0_g2_i1,217,0.527473
TRINITY_DN36580_c0_g2_i1,240,0
TRINITY_DN36580_c0_g2_i1,454,0.142857
TRINITY_DN36584_c0_g1_i1,433,0
TRINITY_DN36584_c0_g1_i1,466,0
TRINITY_DN36584_c0_g1_i1,487,0
TRINITY_DN36584_c0_g1_i1,535,0.263736
TRINITY_DN36589_c0_g1_i1,466,0.362637
TRINITY_DN36589_c0_g3_i1,170,0.494505
TRINITY_DN36629_c2_g1_i1,93,0
TRINITY_DN36629_c2_g1_i1,324,0.142857
TRINITY_DN36732_c0_g1_i1,302,0.142857
TRINITY_DN36732_c0_g1_i1,380,0
TRINITY_DN36732_c0_g1_i1,449,0
TRINITY_DN36732_c0_g1_i1,452,0.263736
TRINITY_DN36732_c0_g1_i1,458,0
TRINITY_DN36732_c0_g1_i1,548,0.263736
TRINITY_DN36732_c0_g1_i1,599,0
TRINITY_DN36760_c0_g1_i1,540,0
TRINITY_DN36760_c0_g1_i1,912,0
TRINITY_DN36805_c1_g1_i1,214,0.494505
TRINITY_DN36805_c1_g1_i1,268,0.142857
TRINITY_DN36805_c1_g1_i1,409,0
TRINITY_DN36805_c1_g1_i1,490,0.362637
TRINITY_DN36805_c1_g1_i1,763,0
TRINITY_DN36834_c0_g1_i1,112,0
TRINITY_DN36862_c0_g1_i1,211,0.263736
TRINITY_DN36887_c0_g1_i1,537,0.263736
TRINITY_DN36887_c0_g1_i1,543,0.263736
TRINITY_DN36913_c0_g1_i1,390,0
TRINITY_DN36926_c0_g1_i1,1048,0
TRINITY_DN36926_c0_g1_i1,1051,0
TRINITY_DN36972_c0_g2_i1,476,0
TRINITY_DN36972_c0_g2_i1,482,0.362637
TRINITY_DN37002_c0_g1_i1,130,0.43956
TRINITY_DN37002_c0_g1_i1,337,0
TRINITY_DN37022_c0_g1_i1,581,0
TRINITY_DN37107_c0_g1_i3,375,0.263736
TRINITY_DN37148_c1_g1_i1,621,0.263736
TRINITY_DN37148_c1_g1_i1,738,0
TRINITY_DN37151_c1_g1_i1,254,0
TRINITY_DN37183_c0_g1_i1,100,0
TRINITY_DN37198_c0_g2_i1,335,0.263736
TRINITY_DN37204_c0_g1_i1,607,0.494505
TRINITY_DN37204_c0_g1_i1,733,0
TRINITY_DN37204_c0_g1_i1,772,0.43956
TRINITY_DN37210_c0_g2_i1,301,0.142857
TRINITY_DN37210_c0_g2_i1,321,0.142857
TRINITY_DN37233_c0_g1_i1,588,0.263736
TRINITY_DN37237_c0_g2_i1,423,0
TRINITY_DN37237_c0_g2_i1,489,0
TRINITY_DN37237_c0_g2_i1,1164,0
TRINITY_DN37237_c0_g2_i1,1239,0.142857
TRINITY_DN37266_c0_g1_i3,147,0
TRINITY_DN37266_c0_g1_i3,204,0.538462
TRINITY_DN37266_c0_g1_i3,294,0
TRINITY_DN37266_c0_g1_i3,345,0.142857
TRINITY_DN37304_c2_g3_i1,108,0
TRINITY_DN37304_c2_g3_i1,183,0.142857
TRINITY_DN37304_c2_g3_i1,375,0.527473
TRINITY_DN37304_c2_g3_i1,423,0
TRINITY_DN37304_c2_g3_i1,513,0.527473
TRINITY_DN37304_c2_g3_i1,576,0.263736
TRINITY_DN37304_c2_g3_i1,696,0.142857
TRINITY_DN37304_c2_g3_i1,699,0.527473
TRINITY_DN37304_c2_g3_i1,765,0.362637
TRINITY_DN37304_c2_g3_i1,846,0
TRINITY_DN37304_c2_g3_i1,852,0
TRINITY_DN37304_c2_g3_i1,867,0
TRINITY_DN37304_c2_g3_i1,871,0.263736
TRINITY_DN37304_c2_g3_i1,1056,0
TRINITY_DN37330_c0_g1_i1,361,0
TRINITY_DN37330_c0_g1_i1,385,0.43956
TRINITY_DN37336_c0_g1_i1,535,0.142857
TRINITY_DN37352_c0_g2_i1,356,0
TRINITY_DN37353_c1_g1_i1,333,0
TRINITY_DN37353_c1_g1_i1,499,0.142857
TRINITY_DN37353_c1_g1_i1,501,0.142857
TRINITY_DN37353_c1_g1_i1,526,0.142857
TRINITY_DN37353_c1_g1_i1,548,0.142857
TRINITY_DN37353_c1_g1_i1,579,0.142857
TRINITY_DN37353_c1_g1_i1,749,0.142857
TRINITY_DN37353_c1_g1_i1,785,0.142857
TRINITY_DN37353_c1_g1_i1,801,0.142857
TRINITY_DN37353_c1_g1_i1,843,0.142857
TRINITY_DN37353_c1_g1_i1,871,0.142857
TRINITY_DN37353_c1_g1_i1,879,0.142857
TRINITY_DN37353_c1_g1_i1,916,0.142857
TRINITY_DN37353_c1_g1_i1,930,0.142857
TRINITY_DN37353_c1_g1_i1,945,0
TRINITY_DN37353_c1_g1_i1,954,0
TRINITY_DN37353_c1_g1_i1,981,0.142857
TRINITY_DN37353_c1_g1_i1,1045,0.142857
TRINITY_DN37353_c1_g1_i1,1197,0.142857
TRINITY_DN37366_c0_g2_i1,339,0.362637
TRINITY_DN37366_c0_g2_i1,384,0.362637
TRINITY_DN37366_c0_g2_i1,444,0.142857
TRINITY_DN37366_c0_g2_i1,522,0.142857
TRINITY_DN37366_c0_g2_i1,1068,0.142857
TRINITY_DN37366_c0_g2_i1,1398,0
TRINITY_DN37366_c0_g2_i1,1404,0.142857
TRINITY_DN37382_c0_g1_i2,815,0.263736
TRINITY_DN37384_c2_g1_i2,627,0.142857
TRINITY_DN37430_c0_g1_i2,577,0.142857
TRINITY_DN37430_c0_g1_i2,580,0
TRINITY_DN37430_c0_g1_i2,583,0.142857
TRINITY_DN37441_c0_g1_i1,94,0
TRINITY_DN37441_c0_g1_i1,103,0.142857
TRINITY_DN37441_c0_g1_i1,895,0.142857
TRINITY_DN37447_c2_g3_i1,541,0
TRINITY_DN37452_c0_g2_i1,504,0
TRINITY_DN37452_c0_g2_i1,558,0
TRINITY_DN37452_c0_g3_i1,316,0
TRINITY_DN37452_c0_g3_i1,517,0
TRINITY_DN37452_c0_g3_i1,550,0.362637
TRINITY_DN37452_c0_g3_i1,682,0.142857
TRINITY_DN37452_c0_g3_i1,694,0.142857
TRINITY_DN37452_c0_g3_i1,706,0.43956
TRINITY_DN37463_c0_g1_i1,918,0.527473
TRINITY_DN37463_c0_g1_i1,1050,0
TRINITY_DN37463_c0_g1_i1,1074,0
TRINITY_DN37469_c0_g1_i1,140,0.362637
TRINITY_DN37469_c0_g1_i1,254,0.263736
TRINITY_DN37469_c0_g3_i1,189,0
TRINITY_DN37469_c0_g3_i1,447,0.362637
TRINITY_DN37469_c0_g3_i1,483,0.494505
TRINITY_DN37469_c0_g3_i1,486,0.362637
TRINITY_DN37469_c0_g3_i1,534,0
TRINITY_DN37480_c0_g1_i1,200,0.142857
TRINITY_DN37480_c0_g1_i1,239,0.362637
TRINITY_DN37480_c0_g1_i1,320,0.142857
TRINITY_DN37480_c0_g1_i1,518,0.263736
TRINITY_DN37648_c0_g2_i2,952,0.263736
TRINITY_DN37688_c2_g1_i1,382,0.142857
TRINITY_DN37688_c2_g1_i1,388,0.263736
TRINITY_DN37688_c2_g1_i1,526,0.527473
TRINITY_DN37688_c2_g1_i1,574,0
TRINITY_DN37688_c2_g1_i1,604,0.362637
TRINITY_DN37688_c2_g1_i1,634,0.527473
TRINITY_DN37688_c2_g1_i1,863,0.142857
TRINITY_DN37688_c2_g1_i1,946,0
TRINITY_DN37688_c2_g1_i1,961,0
TRINITY_DN37688_c2_g1_i1,1195,0.362637
TRINITY_DN37699_c0_g1_i1,464,0.362637
TRINITY_DN37699_c0_g1_i1,470,0.362637
TRINITY_DN37712_c0_g1_i1,956,0
TRINITY_DN37754_c0_g2_i1,1254,0.263736
TRINITY_DN37771_c0_g2_i2,404,0.142857
TRINITY_DN37828_c0_g3_i2,549,0.142857
TRINITY_DN37829_c0_g1_i2,948,0.263736
TRINITY_DN37829_c0_g1_i2,957,0.263736
TRINITY_DN37829_c0_g1_i2,960,0.263736
TRINITY_DN37829_c0_g1_i2,964,0.263736
TRINITY_DN37829_c0_g1_i2,966,0.263736
TRINITY_DN37829_c0_g1_i2,972,0.263736
TRINITY_DN37829_c0_g1_i2,975,0.263736
TRINITY_DN37829_c0_g1_i2,981,0.263736
TRINITY_DN37829_c0_g1_i2,990,0.263736
TRINITY_DN37831_c0_g4_i1,209,0.43956
TRINITY_DN37860_c0_g2_i1,97,0.142857
TRINITY_DN37860_c0_g2_i1,109,0.538462
TRINITY_DN37860_c0_g2_i1,133,0.142857
TRINITY_DN37860_c0_g2_i1,229,0.142857
TRINITY_DN37860_c0_g2_i1,367,0.142857
TRINITY_DN37860_c0_g2_i1,528,0.263736
TRINITY_DN37870_c0_g1_i1,351,0.43956
TRINITY_DN37890_c0_g1_i2,500,0.142857
TRINITY_DN37890_c0_g1_i2,695,0.142857
TRINITY_DN37892_c0_g1_i1,831,0
TRINITY_DN37892_c0_g1_i1,877,0.142857
TRINITY_DN37905_c0_g1_i1,837,0.142857
TRINITY_DN37905_c0_g1_i1,898,0
TRINITY_DN37920_c0_g1_i1,330,0.362637
TRINITY_DN37925_c0_g2_i2,1172,0
TRINITY_DN37974_c0_g1_i1,500,0.142857
TRINITY_DN3846_c0_g2_i1,233,0
TRINITY_DN3846_c0_g2_i1,480,0
TRINITY_DN3846_c0_g2_i1,482,0
TRINITY_DN3846_c0_g2_i1,530,0
TRINITY_DN38061_c0_g1_i1,514,0.142857
TRINITY_DN38061_c0_g1_i1,603,0
TRINITY_DN38061_c0_g1_i1,610,0
TRINITY_DN38061_c0_g1_i1,624,0
TRINITY_DN38061_c0_g1_i1,631,0
TRINITY_DN38061_c0_g1_i1,634,0
TRINITY_DN38061_c0_g1_i1,649,0
TRINITY_DN38064_c0_g3_i1,228,0.494505
TRINITY_DN38064_c0_g3_i1,297,0
TRINITY_DN38121_c0_g2_i1,116,0
TRINITY_DN38121_c0_g2_i1,146,0.43956
TRINITY_DN38122_c0_g1_i1,778,0.43956
TRINITY_DN38122_c0_g1_i1,868,0
TRINITY_DN38122_c0_g1_i1,1366,0.263736
TRINITY_DN38122_c0_g1_i1,1567,0.263736
TRINITY_DN38122_c0_g1_i1,1576,0
TRINITY_DN38122_c0_g1_i1,1579,0
TRINITY_DN38122_c0_g1_i1,1645,0.494505
TRINITY_DN38122_c0_g1_i1,1678,0
TRINITY_DN38122_c0_g1_i1,1780,0.362637
TRINITY_DN38129_c0_g1_i1,107,0.263736
TRINITY_DN38129_c0_g1_i1,473,0.538462
TRINITY_DN38129_c0_g1_i1,566,0.527473
TRINITY_DN38166_c0_g3_i1,278,0.494505
TRINITY_DN38219_c0_g2_i2,1939,0.142857
TRINITY_DN38219_c0_g2_i2,2002,0.263736
TRINITY_DN38241_c0_g1_i1,467,0.494505
TRINITY_DN38270_c0_g1_i1,520,0
TRINITY_DN38270_c0_g1_i1,649,0.362637
TRINITY_DN38271_c0_g3_i1,375,0
TRINITY_DN38287_c0_g1_i1,679,0
TRINITY_DN38287_c0_g1_i1,721,0
TRINITY_DN38325_c0_g1_i1,374,0.142857
TRINITY_DN38325_c0_g1_i1,485,0.263736
TRINITY_DN38325_c0_g1_i1,500,0.142857
TRINITY_DN38331_c0_g1_i1,88,0
TRINITY_DN38348_c0_g1_i1,221,0
TRINITY_DN38348_c0_g2_i1,429,0.527473
TRINITY_DN38384_c0_g1_i2,157,0.142857
TRINITY_DN38384_c0_g1_i2,169,0.142857
TRINITY_DN38487_c1_g1_i1,53,0.538462
TRINITY_DN38487_c1_g1_i1,278,0.494505
TRINITY_DN38487_c1_g1_i1,290,0.142857
TRINITY_DN38508_c1_g1_i1,588,0.527473
TRINITY_DN38508_c1_g1_i1,651,0.43956
TRINITY_DN38508_c1_g1_i1,665,0.527473
TRINITY_DN38529_c1_g1_i1,395,0
TRINITY_DN38529_c1_g1_i1,446,0.527473
TRINITY_DN38558_c0_g1_i2,184,0.494505
TRINITY_DN38564_c0_g1_i1,200,0.142857
TRINITY_DN38564_c0_g1_i1,263,0
TRINITY_DN38564_c0_g1_i1,356,0.142857
TRINITY_DN38564_c0_g1_i1,575,0
TRINITY_DN38564_c0_g2_i1,673,0
TRINITY_DN38568_c0_g1_i2,764,0.263736
TRINITY_DN38568_c0_g1_i2,832,0
TRINITY_DN38568_c0_g1_i2,844,0.142857
TRINITY_DN38579_c0_g1_i1,1006,0.494505
TRINITY_DN38579_c0_g1_i1,1069,0
TRINITY_DN38579_c0_g1_i1,1171,0.142857
TRINITY_DN38579_c0_g1_i1,1216,0
TRINITY_DN38630_c0_g1_i1,213,0
TRINITY_DN38633_c0_g2_i2,519,0
TRINITY_DN38633_c0_g2_i2,615,0.527473
TRINITY_DN38633_c0_g2_i2,822,0
TRINITY_DN38633_c0_g2_i2,867,0
TRINITY_DN38633_c0_g2_i2,951,0.362637
TRINITY_DN38680_c0_g2_i1,918,0
TRINITY_DN38693_c0_g1_i1,958,0.142857
TRINITY_DN38718_c1_g5_i1,428,0.142857
TRINITY_DN38728_c2_g1_i1,354,0
TRINITY_DN38730_c1_g1_i1,682,0.142857
TRINITY_DN38732_c0_g3_i1,176,0
TRINITY_DN38732_c0_g3_i1,230,0.43956
TRINITY_DN38732_c0_g3_i1,318,0.362637
TRINITY_DN38748_c0_g3_i1,418,0.142857
TRINITY_DN38750_c0_g1_i1,432,0
TRINITY_DN38750_c0_g1_i1,704,0.142857
TRINITY_DN38750_c0_g1_i1,842,0.362637
TRINITY_DN38750_c0_g1_i1,1037,0.362637
TRINITY_DN38750_c0_g1_i1,1193,0
TRINITY_DN38806_c0_g1_i1,482,0.362637
TRINITY_DN38806_c0_g1_i1,752,0
TRINITY_DN38806_c0_g1_i1,986,0.43956
TRINITY_DN38852_c0_g2_i2,771,0.494505
TRINITY_DN38872_c1_g4_i1,198,0.263736
TRINITY_DN38872_c1_g10_i1,411,0.142857
TRINITY_DN38872_c1_g10_i1,567,0.362637
TRINITY_DN38872_c1_g10_i1,600,0.263736
TRINITY_DN38872_c1_g10_i1,639,0.263736
TRINITY_DN38922_c2_g1_i1,595,0.142857
TRINITY_DN38953_c1_g2_i2,1580,0.527473
TRINITY_DN38953_c1_g2_i2,1583,0.527473
TRINITY_DN38953_c1_g2_i2,1584,0.527473
TRINITY_DN38988_c0_g2_i1,217,0
TRINITY_DN38988_c0_g2_i1,250,0.142857
TRINITY_DN38988_c0_g3_i2,751,0.263736
TRINITY_DN39024_c0_g1_i1,582,0
TRINITY_DN39024_c0_g1_i1,588,0
TRINITY_DN39050_c0_g3_i1,293,0
TRINITY_DN39050_c0_g3_i1,368,0.142857
TRINITY_DN39050_c0_g3_i1,403,0.263736
TRINITY_DN39050_c0_g3_i1,527,0
TRINITY_DN39050_c0_g3_i1,550,0.142857
TRINITY_DN39050_c0_g3_i1,644,0.142857
TRINITY_DN39050_c0_g3_i1,746,0.142857
TRINITY_DN39050_c0_g3_i1,776,0
TRINITY_DN39050_c0_g3_i1,887,0.142857
TRINITY_DN39050_c0_g3_i1,890,0.142857
TRINITY_DN39050_c0_g3_i1,1061,0
TRINITY_DN39050_c0_g3_i1,1136,0.142857
TRINITY_DN39050_c0_g3_i1,1162,0
TRINITY_DN39050_c0_g3_i1,1169,0
TRINITY_DN39050_c0_g3_i1,1313,0.494505
TRINITY_DN39050_c0_g3_i1,1427,0.142857
TRINITY_DN39050_c0_g3_i1,1430,0.142857
TRINITY_DN39058_c1_g1_i3,879,0.263736
TRINITY_DN39058_c1_g1_i3,924,0.263736
TRINITY_DN39058_c1_g1_i3,933,0.263736
TRINITY_DN39058_c1_g1_i3,945,0.263736
TRINITY_DN39070_c0_g2_i1,1032,0.527473
TRINITY_DN39070_c0_g2_i1,1125,0.142857
TRINITY_DN39078_c0_g3_i1,180,0.263736
TRINITY_DN39123_c0_g1_i1,763,0.43956
TRINITY_DN39125_c0_g2_i1,868,0
TRINITY_DN39125_c0_g2_i1,874,0
TRINITY_DN39125_c0_g2_i1,880,0.263736
TRINITY_DN39125_c0_g2_i1,883,0.263736
TRINITY_DN39125_c0_g2_i1,913,0.142857
TRINITY_DN39125_c0_g2_i1,916,0.362637
TRINITY_DN39125_c0_g2_i1,928,0.362637
TRINITY_DN39125_c0_g2_i1,934,0.362637
TRINITY_DN39125_c0_g2_i1,949,0.263736
TRINITY_DN39125_c0_g2_i1,976,0.362637
TRINITY_DN39125_c0_g2_i1,979,0.362637
TRINITY_DN39125_c0_g2_i1,985,0.362637
TRINITY_DN39125_c0_g2_i1,997,0.362637
TRINITY_DN39125_c0_g2_i1,1048,0.362637
TRINITY_DN39125_c0_g2_i1,1054,0.362637
TRINITY_DN39125_c0_g2_i1,1072,0.43956
TRINITY_DN39125_c0_g2_i1,1101,0.43956
TRINITY_DN39125_c0_g2_i1,1114,0.43956
TRINITY_DN39145_c1_g1_i1,737,0
TRINITY_DN39145_c1_g1_i1,947,0
TRINITY_DN39145_c1_g12_i1,1123,0
TRINITY_DN39198_c0_g1_i1,603,0
TRINITY_DN39198_c0_g1_i1,1020,0
TRINITY_DN39198_c0_g1_i1,1074,0
TRINITY_DN39198_c0_g1_i1,1143,0.142857
TRINITY_DN39198_c0_g1_i1,1153,0.263736
TRINITY_DN39212_c0_g1_i1,848,0.362637
TRINITY_DN39212_c0_g1_i1,899,0.43956
TRINITY_DN39216_c0_g1_i1,302,0
TRINITY_DN39224_c0_g4_i1,394,0
TRINITY_DN39227_c0_g1_i3,277,0
TRINITY_DN39227_c0_g1_i3,307,0.142857
TRINITY_DN39227_c0_g1_i3,361,0
TRINITY_DN39227_c0_g1_i3,394,0.494505
TRINITY_DN39227_c0_g1_i3,427,0.142857
TRINITY_DN39227_c0_g1_i3,589,0
TRINITY_DN39227_c0_g1_i3,643,0.142857
TRINITY_DN39227_c0_g1_i3,736,0.362637
TRINITY_DN39227_c0_g1_i3,802,0.142857
TRINITY_DN39227_c0_g1_i3,943,0
TRINITY_DN39256_c0_g1_i1,938,0.142857
TRINITY_DN39306_c0_g1_i1,355,0.142857
TRINITY_DN39306_c0_g1_i1,409,0
TRINITY_DN39320_c1_g4_i2,563,0.263736
TRINITY_DN39322_c0_g5_i1,228,0.142857
TRINITY_DN39353_c0_g4_i1,412,0.142857
TRINITY_DN39353_c0_g4_i1,697,0.263736
TRINITY_DN39353_c0_g4_i1,709,0
TRINITY_DN39353_c0_g4_i1,757,0.142857
TRINITY_DN39353_c0_g4_i1,1063,0.142857
TRINITY_DN39361_c0_g1_i1,1002,0
TRINITY_DN39361_c0_g1_i1,1005,0.362637
TRINITY_DN39361_c0_g1_i1,1008,0.362637
TRINITY_DN39361_c0_g1_i1,1012,0.362637
TRINITY_DN39396_c1_g8_i1,309,0.142857
TRINITY_DN39396_c1_g9_i2,1518,0
TRINITY_DN39396_c1_g9_i2,1554,0.142857
TRINITY_DN39396_c1_g10_i1,334,0
TRINITY_DN39406_c0_g1_i2,242,0
TRINITY_DN39419_c0_g1_i1,1492,0.43956
TRINITY_DN39419_c0_g1_i1,1576,0.263736
TRINITY_DN39419_c0_g1_i1,1603,0
TRINITY_DN39487_c0_g1_i1,1560,0
TRINITY_DN39487_c0_g1_i1,1584,0
TRINITY_DN39491_c0_g4_i2,26,0
TRINITY_DN39491_c0_g4_i2,35,0.527473
TRINITY_DN39491_c0_g4_i2,119,0.527473
TRINITY_DN39491_c0_g4_i2,134,0
TRINITY_DN39491_c0_g4_i2,158,0.527473
TRINITY_DN39491_c0_g4_i2,236,0.527473
TRINITY_DN39491_c0_g4_i2,275,0.43956
TRINITY_DN39491_c0_g4_i2,359,0.263736
TRINITY_DN39491_c0_g4_i2,368,0.527473
TRINITY_DN39491_c0_g4_i2,374,0
TRINITY_DN39491_c0_g4_i2,542,0.142857
TRINITY_DN39491_c0_g4_i2,557,0.362637
TRINITY_DN39491_c0_g4_i2,587,0
TRINITY_DN39491_c0_g4_i2,593,0.362637
TRINITY_DN39491_c0_g4_i2,671,0.263736
TRINITY_DN39491_c0_g4_i2,782,0
TRINITY_DN39491_c0_g4_i2,812,0
TRINITY_DN39491_c0_g4_i2,878,0
TRINITY_DN39491_c0_g5_i1,355,0.142857
TRINITY_DN39491_c0_g5_i1,376,0
TRINITY_DN39491_c0_g5_i1,409,0.494505
TRINITY_DN39491_c0_g5_i1,454,0.43956
TRINITY_DN39491_c0_g7_i1,111,0
TRINITY_DN39491_c0_g7_i1,165,0.142857
TRINITY_DN39491_c0_g7_i1,189,0
TRINITY_DN39491_c0_g7_i1,273,0.142857
TRINITY_DN39491_c0_g7_i1,407,0
TRINITY_DN39528_c0_g1_i1,1000,0.142857
TRINITY_DN39528_c0_g1_i1,1036,0.494505
TRINITY_DN39540_c0_g1_i2,963,0.263736
TRINITY_DN39547_c0_g1_i1,244,0.142857
TRINITY_DN39554_c1_g4_i1,367,0.142857
TRINITY_DN39554_c1_g4_i1,394,0
TRINITY_DN39570_c0_g1_i2,643,0
TRINITY_DN39581_c0_g1_i1,675,0.263736
TRINITY_DN39581_c0_g1_i1,1119,0.142857
TRINITY_DN39581_c0_g1_i1,1265,0.43956
TRINITY_DN39581_c0_g1_i1,1373,0.142857
TRINITY_DN39581_c0_g1_i1,1422,0
TRINITY_DN39581_c0_g1_i1,1446,0.142857
TRINITY_DN39581_c0_g1_i1,1542,0.142857
TRINITY_DN39590_c0_g6_i2,172,0.43956
TRINITY_DN39590_c0_g6_i2,178,0.43956
TRINITY_DN39626_c0_g4_i1,467,0.142857
TRINITY_DN39626_c0_g4_i1,470,0.263736
TRINITY_DN39626_c0_g4_i1,482,0.263736
TRINITY_DN39626_c0_g4_i1,485,0.263736
TRINITY_DN39626_c0_g4_i1,491,0.263736
TRINITY_DN39626_c0_g4_i1,497,0.263736
TRINITY_DN39626_c0_g4_i1,503,0.142857
TRINITY_DN39626_c0_g4_i1,599,0.142857
TRINITY_DN39643_c0_g3_i1,854,0
TRINITY_DN39643_c0_g3_i1,875,0
TRINITY_DN39656_c0_g1_i1,679,0.494505
TRINITY_DN39656_c0_g1_i1,694,0.362637
TRINITY_DN39656_c0_g1_i1,712,0.362637
TRINITY_DN39678_c0_g1_i1,180,0
TRINITY_DN39697_c0_g1_i1,581,0
TRINITY_DN39697_c0_g1_i1,593,0.494505
TRINITY_DN39697_c0_g1_i1,599,0.43956
TRINITY_DN39697_c0_g1_i1,638,0.494505
TRINITY_DN39697_c0_g1_i1,1538,0.142857
TRINITY_DN39747_c0_g2_i1,791,0
TRINITY_DN39747_c0_g2_i1,812,0
TRINITY_DN39747_c0_g2_i1,818,0
TRINITY_DN39747_c0_g2_i1,824,0
TRINITY_DN39747_c0_g2_i1,833,0
TRINITY_DN39747_c0_g2_i1,836,0
TRINITY_DN39747_c0_g2_i1,842,0
TRINITY_DN39747_c0_g2_i1,851,0
TRINITY_DN39747_c0_g2_i1,878,0
TRINITY_DN39765_c0_g1_i1,1836,0.142857
TRINITY_DN39765_c0_g1_i1,1839,0.142857
TRINITY_DN39765_c0_g1_i1,1845,0.142857
TRINITY_DN39765_c0_g1_i1,1860,0.263736
TRINITY_DN39765_c0_g1_i1,1864,0.43956
TRINITY_DN39765_c0_g1_i1,1866,0.263736
TRINITY_DN39765_c0_g1_i1,1870,0.142857
TRINITY_DN39765_c0_g1_i1,1875,0.263736
TRINITY_DN39765_c0_g1_i1,1876,0.263736
TRINITY_DN39765_c0_g1_i1,1884,0.142857
TRINITY_DN39785_c1_g2_i1,1059,0.362637
TRINITY_DN39785_c1_g2_i1,1089,0.263736
TRINITY_DN39785_c1_g2_i1,1137,0.142857
TRINITY_DN39785_c1_g2_i1,1272,0.362637
TRINITY_DN39785_c1_g2_i1,1314,0.142857
TRINITY_DN39793_c0_g2_i1,225,0.142857
TRINITY_DN39793_c0_g2_i1,264,0.362637
TRINITY_DN39856_c0_g1_i4,291,0.142857
TRINITY_DN39856_c0_g1_i4,330,0.494505
TRINITY_DN39856_c0_g1_i4,363,0.142857
TRINITY_DN39856_c0_g1_i4,369,0
TRINITY_DN39856_c0_g1_i4,522,0.527473
TRINITY_DN39856_c0_g1_i4,534,0.263736
TRINITY_DN39856_c0_g1_i4,537,0.43956
TRINITY_DN39856_c0_g1_i4,546,0.43956
TRINITY_DN39857_c0_g1_i2,281,0.362637
TRINITY_DN39887_c0_g3_i1,230,0.362637
TRINITY_DN39887_c0_g3_i1,242,0.362637
TRINITY_DN39887_c0_g3_i1,244,0.43956
TRINITY_DN39887_c0_g3_i1,251,0.43956
TRINITY_DN39932_c0_g1_i1,191,0
TRINITY_DN39959_c0_g1_i1,1820,0.142857
TRINITY_DN39971_c0_g1_i2,518,0.362637
TRINITY_DN39971_c0_g1_i2,540,0
TRINITY_DN4095_c0_g1_i1,375,0.538462
TRINITY_DN40005_c0_g1_i1,1100,0.43956
TRINITY_DN40005_c0_g1_i1,1682,0.362637
TRINITY_DN40005_c0_g1_i1,1697,0.362637
TRINITY_DN40005_c0_g1_i1,1703,0.263736
TRINITY_DN40005_c0_g1_i1,1769,0
TRINITY_DN40016_c0_g2_i1,600,0.43956
TRINITY_DN40016_c0_g2_i1,669,0.362637
TRINITY_DN40016_c0_g2_i1,1077,0.142857
TRINITY_DN40055_c0_g1_i1,181,0.142857
TRINITY_DN40055_c0_g1_i1,220,0
TRINITY_DN40055_c0_g1_i1,421,0
TRINITY_DN40055_c0_g1_i1,679,0.263736
TRINITY_DN40055_c0_g1_i1,1042,0
TRINITY_DN40055_c2_g1_i1,794,0
TRINITY_DN40055_c2_g1_i1,914,0
TRINITY_DN40055_c2_g1_i1,1511,0
TRINITY_DN40058_c1_g1_i1,746,0
TRINITY_DN40058_c1_g1_i1,950,0
TRINITY_DN40058_c1_g1_i1,956,0
TRINITY_DN40058_c1_g1_i1,986,0
TRINITY_DN40058_c1_g1_i1,992,0
TRINITY_DN40058_c1_g1_i1,995,0
TRINITY_DN40058_c1_g1_i1,998,0
TRINITY_DN40058_c1_g1_i1,1004,0
TRINITY_DN40058_c1_g1_i1,1007,0
TRINITY_DN40058_c1_g1_i1,1013,0
TRINITY_DN40058_c1_g1_i1,1016,0
TRINITY_DN40058_c1_g1_i1,1019,0
TRINITY_DN40058_c1_g1_i1,1031,0
TRINITY_DN40058_c1_g1_i1,1040,0
TRINITY_DN40058_c1_g1_i1,1046,0
TRINITY_DN40058_c1_g1_i1,1051,0
TRINITY_DN40058_c1_g1_i1,1052,0
TRINITY_DN40058_c1_g1_i1,1055,0
TRINITY_DN40058_c1_g1_i1,1058,0
TRINITY_DN40058_c1_g1_i1,1061,0
TRINITY_DN40058_c1_g1_i1,1064,0
TRINITY_DN40058_c1_g1_i1,1340,0.142857
TRINITY_DN40058_c1_g1_i1,1343,0.142857
TRINITY_DN40058_c1_g1_i1,1349,0
TRINITY_DN40058_c1_g1_i1,1352,0
TRINITY_DN40058_c1_g1_i1,1364,0
TRINITY_DN40062_c0_g1_i1,454,0
TRINITY_DN40083_c0_g1_i2,356,0.263736
TRINITY_DN40109_c2_g2_i1,947,0
TRINITY_DN40109_c2_g2_i1,1211,0
TRINITY_DN40129_c0_g1_i1,159,0.263736
TRINITY_DN40129_c0_g1_i1,342,0
TRINITY_DN40129_c0_g1_i1,433,0.43956
TRINITY_DN40129_c0_g1_i1,822,0.263736
TRINITY_DN40143_c0_g4_i2,698,0.527473
TRINITY_DN40150_c2_g2_i1,293,0
TRINITY_DN40150_c2_g2_i1,563,0.142857
TRINITY_DN40150_c2_g2_i1,758,0
TRINITY_DN40152_c0_g1_i1,962,0
TRINITY_DN40152_c0_g1_i1,980,0
TRINITY_DN40166_c0_g4_i1,296,0.494505
TRINITY_DN40167_c1_g1_i2,840,0.362637
TRINITY_DN40176_c1_g2_i1,702,0.142857
TRINITY_DN40176_c1_g2_i1,963,0.142857
TRINITY_DN40176_c1_g2_i1,975,0.142857
TRINITY_DN40176_c1_g2_i1,981,0.263736
TRINITY_DN40176_c1_g2_i1,1056,0.142857
TRINITY_DN40212_c2_g1_i1,383,0
TRINITY_DN40212_c2_g1_i1,392,0
TRINITY_DN40212_c2_g1_i1,422,0.142857
TRINITY_DN40212_c2_g1_i1,431,0.142857
TRINITY_DN40212_c2_g1_i1,455,0.142857
TRINITY_DN40212_c2_g1_i1,458,0.142857
TRINITY_DN40212_c2_g1_i1,461,0.142857
TRINITY_DN40212_c2_g1_i1,467,0.142857
TRINITY_DN40212_c2_g1_i1,473,0.142857
TRINITY_DN40212_c2_g1_i1,476,0.142857
TRINITY_DN40212_c2_g1_i1,500,0.142857
TRINITY_DN40212_c2_g1_i1,506,0.142857
TRINITY_DN40212_c2_g1_i1,530,0.142857
TRINITY_DN40212_c2_g1_i1,554,0.142857
TRINITY_DN40212_c2_g1_i1,563,0.142857
TRINITY_DN40212_c2_g1_i1,731,0
TRINITY_DN40212_c2_g1_i1,806,0
TRINITY_DN40212_c2_g1_i1,821,0
TRINITY_DN40212_c2_g1_i1,824,0
TRINITY_DN40212_c2_g1_i1,857,0
TRINITY_DN40212_c2_g1_i1,860,0
TRINITY_DN40212_c2_g1_i1,869,0
TRINITY_DN40212_c2_g1_i1,872,0
TRINITY_DN40212_c2_g1_i1,875,0
TRINITY_DN40212_c2_g1_i1,878,0
TRINITY_DN40212_c2_g1_i1,884,0
TRINITY_DN40212_c2_g1_i1,890,0
TRINITY_DN40212_c2_g1_i1,893,0
TRINITY_DN40212_c2_g1_i1,896,0
TRINITY_DN40212_c2_g1_i1,899,0
TRINITY_DN40212_c2_g1_i1,902,0
TRINITY_DN40212_c2_g1_i1,908,0
TRINITY_DN40212_c2_g1_i1,1064,0.527473
TRINITY_DN40212_c2_g1_i1,1136,0
TRINITY_DN40212_c2_g1_i2,71,0.494505
TRINITY_DN40212_c2_g1_i2,281,0.142857
TRINITY_DN40212_c2_g1_i2,361,0
TRINITY_DN40212_c2_g1_i2,368,0
TRINITY_DN40212_c2_g1_i2,448,0
TRINITY_DN40212_c2_g1_i2,544,0.362637
TRINITY_DN40212_c2_g1_i2,827,0.43956
TRINITY_DN40212_c2_g1_i2,875,0.142857
TRINITY_DN40212_c2_g1_i2,887,0.142857
TRINITY_DN40212_c2_g1_i2,1076,0
TRINITY_DN40212_c2_g3_i1,66,0
TRINITY_DN40212_c2_g3_i1,96,0
TRINITY_DN40212_c2_g3_i1,183,0.142857
TRINITY_DN40234_c0_g2_i1,251,0.142857
TRINITY_DN40251_c0_g2_i1,517,0
TRINITY_DN40251_c0_g2_i1,549,0
TRINITY_DN40251_c0_g2_i1,554,0
TRINITY_DN40264_c1_g3_i1,682,0.142857
TRINITY_DN40290_c10_g2_i2,202,0.43956
TRINITY_DN40305_c2_g2_i1,656,0.494505
TRINITY_DN40334_c4_g1_i5,323,0.263736
TRINITY_DN40341_c0_g2_i1,1111,0.362637
TRINITY_DN40364_c2_g1_i1,414,0.43956
TRINITY_DN40364_c2_g1_i1,501,0.538462
TRINITY_DN40364_c2_g1_i1,1348,0.142857
TRINITY_DN40364_c2_g1_i1,1363,0.142857
TRINITY_DN40364_c2_g1_i1,1420,0.142857
TRINITY_DN40364_c2_g1_i1,1426,0
TRINITY_DN40364_c2_g1_i1,1522,0.142857
TRINITY_DN40364_c2_g1_i1,1534,0.142857
TRINITY_DN40364_c2_g1_i1,1546,0.142857
TRINITY_DN40364_c2_g1_i1,1558,0.142857
TRINITY_DN40364_c2_g1_i1,1564,0.494505
TRINITY_DN40364_c2_g1_i1,1618,0
TRINITY_DN40364_c2_g1_i1,1660,0
TRINITY_DN40364_c2_g1_i1,1723,0.43956
TRINITY_DN40364_c2_g1_i1,1779,0.527473
TRINITY_DN40364_c2_g1_i1,1780,0.527473
TRINITY_DN40365_c0_g2_i1,221,0.362637
TRINITY_DN40365_c0_g2_i1,230,0.142857
TRINITY_DN40365_c0_g2_i1,256,0
TRINITY_DN40365_c0_g4_i1,236,0.494505
TRINITY_DN40365_c0_g4_i1,296,0.362637
TRINITY_DN40365_c0_g4_i1,362,0.142857
TRINITY_DN40365_c0_g4_i1,380,0
TRINITY_DN40382_c0_g1_i1,115,0.263736
TRINITY_DN40382_c0_g1_i1,256,0.142857
TRINITY_DN40393_c0_g2_i1,1586,0
TRINITY_DN40432_c0_g1_i1,608,0.527473
TRINITY_DN40434_c0_g3_i1,263,0.142857
TRINITY_DN40434_c0_g3_i1,266,0.362637
TRINITY_DN40434_c0_g3_i1,269,0.362637
TRINITY_DN40434_c0_g3_i1,275,0.362637
TRINITY_DN40434_c0_g3_i1,284,0.362637
TRINITY_DN40434_c0_g3_i1,286,0.362637
TRINITY_DN40434_c0_g3_i1,293,0.362637
TRINITY_DN40434_c0_g3_i1,320,0.142857
TRINITY_DN40439_c0_g1_i1,267,0.263736
TRINITY_DN40450_c0_g3_i1,181,0.494505
TRINITY_DN40479_c0_g2_i1,696,0.494505
TRINITY_DN40479_c0_g2_i1,699,0.494505
TRINITY_DN40479_c0_g2_i1,990,0
TRINITY_DN40479_c0_g2_i1,1056,0.494505
TRINITY_DN40479_c0_g2_i1,1116,0
TRINITY_DN40479_c0_g2_i1,1218,0.538462
TRINITY_DN40479_c0_g2_i1,1254,0.362637
TRINITY_DN40479_c0_g2_i1,1266,0
TRINITY_DN40481_c0_g1_i1,865,0.142857
TRINITY_DN40481_c0_g1_i1,944,0
TRINITY_DN40481_c0_g1_i1,961,0.362637
TRINITY_DN40481_c0_g1_i1,1069,0
TRINITY_DN40481_c0_g1_i1,1246,0
TRINITY_DN40481_c0_g1_i1,1339,0.142857
TRINITY_DN40481_c0_g1_i1,1368,0.43956
TRINITY_DN40481_c0_g1_i1,1411,0.538462
TRINITY_DN40481_c0_g1_i1,1585,0
TRINITY_DN40481_c0_g1_i1,1621,0.142857
TRINITY_DN40481_c0_g1_i1,1843,0.263736
TRINITY_DN40481_c0_g1_i1,1873,0
TRINITY_DN40498_c2_g5_i1,813,0
TRINITY_DN40499_c4_g8_i1,333,0.43956
TRINITY_DN40561_c17_g2_i1,69,0
TRINITY_DN40576_c4_g3_i1,78,0
TRINITY_DN40614_c2_g3_i1,284,0
TRINITY_DN40614_c2_g3_i1,287,0.142857
TRINITY_DN40614_c2_g3_i1,290,0.142857
TRINITY_DN40614_c2_g3_i2,1505,0.263736
TRINITY_DN40614_c2_g3_i2,1518,0.263736
TRINITY_DN40614_c2_g3_i2,1528,0
TRINITY_DN40614_c2_g3_i2,1535,0
TRINITY_DN40646_c0_g5_i3,178,0.142857
TRINITY_DN40646_c0_g5_i3,185,0.142857
TRINITY_DN40646_c0_g5_i3,203,0.142857
TRINITY_DN40646_c0_g5_i3,216,0.142857
TRINITY_DN40646_c0_g5_i5,285,0
TRINITY_DN40656_c1_g4_i2,592,0
TRINITY_DN40681_c18_g9_i2,237,0
TRINITY_DN40681_c18_g16_i1,208,0
TRINITY_DN4155_c0_g1_i1,350,0
TRINITY_DN41719_c0_g1_i1,677,0
TRINITY_DN41719_c0_g1_i1,884,0
TRINITY_DN41835_c0_g1_i1,671,0
TRINITY_DN41835_c0_g1_i1,743,0.362637
TRINITY_DN41835_c0_g1_i1,803,0.142857
TRINITY_DN42027_c0_g1_i1,242,0
TRINITY_DN42027_c0_g1_i1,245,0
TRINITY_DN42027_c0_g1_i1,251,0
TRINITY_DN42027_c0_g1_i1,254,0
TRINITY_DN42027_c0_g1_i1,269,0
TRINITY_DN42027_c0_g1_i1,284,0
TRINITY_DN4487_c0_g2_i1,198,0.263736
TRINITY_DN4489_c0_g1_i1,365,0
TRINITY_DN4553_c0_g1_i1,438,0
TRINITY_DN45999_c1_g1_i1,234,0.527473
TRINITY_DN45999_c1_g1_i1,264,0.142857
TRINITY_DN45999_c1_g1_i1,354,0.142857
TRINITY_DN45999_c1_g1_i1,366,0.263736
TRINITY_DN45999_c1_g1_i1,414,0
TRINITY_DN45999_c1_g1_i1,636,0
TRINITY_DN46002_c0_g1_i1,1025,0
TRINITY_DN46002_c0_g1_i1,1232,0
TRINITY_DN46002_c0_g1_i1,1496,0.43956
TRINITY_DN46002_c0_g1_i1,1565,0
TRINITY_DN46010_c1_g1_i1,272,0.142857
TRINITY_DN46010_c1_g1_i1,305,0.142857
TRINITY_DN46010_c1_g1_i1,338,0.527473
TRINITY_DN46068_c0_g1_i1,432,0.142857
TRINITY_DN46139_c0_g1_i1,567,0.142857
TRINITY_DN46139_c0_g1_i1,651,0
TRINITY_DN46320_c0_g1_i1,304,0
TRINITY_DN46320_c0_g1_i1,310,0
TRINITY_DN46320_c0_g1_i1,316,0.142857
TRINITY_DN46320_c0_g1_i1,343,0
TRINITY_DN46320_c0_g1_i1,376,0.538462
TRINITY_DN46875_c0_g1_i1,62,0.142857
TRINITY_DN46875_c0_g1_i1,89,0
TRINITY_DN46953_c0_g1_i1,144,0
TRINITY_DN47110_c0_g1_i1,109,0
TRINITY_DN47110_c0_g1_i1,130,0
TRINITY_DN47339_c0_g1_i1,92,0
TRINITY_DN47339_c0_g1_i1,371,0
TRINITY_DN47339_c0_g1_i1,464,0
TRINITY_DN47339_c0_g1_i1,701,0
TRINITY_DN47339_c0_g1_i1,737,0
TRINITY_DN50125_c0_g1_i1,339,0
TRINITY_DN52355_c1_g1_i1,1092,0.142857
TRINITY_DN52355_c1_g1_i1,1689,0
TRINITY_DN52358_c0_g1_i1,168,0
TRINITY_DN52480_c0_g1_i1,355,0
TRINITY_DN52549_c1_g1_i1,209,0
TRINITY_DN52766_c0_g1_i1,58,0
TRINITY_DN52766_c0_g1_i1,64,0
TRINITY_DN52766_c0_g1_i1,67,0
TRINITY_DN52766_c0_g1_i1,70,0
TRINITY_DN52766_c0_g1_i1,85,0
TRINITY_DN52766_c0_g1_i1,109,0
TRINITY_DN52766_c0_g1_i1,112,0
TRINITY_DN52766_c0_g1_i1,124,0
TRINITY_DN52766_c0_g1_i1,127,0
TRINITY_DN52766_c0_g1_i1,133,0
TRINITY_DN52766_c0_g1_i1,136,0
TRINITY_DN5330_c0_g1_i1,243,0.142857
TRINITY_DN5330_c0_g1_i1,252,0.362637
TRINITY_DN5330_c0_g1_i1,330,0.263736
TRINITY_DN5330_c0_g1_i1,339,0.362637
TRINITY_DN53643_c0_g1_i1,248,0
TRINITY_DN53643_c0_g1_i1,290,0
TRINITY_DN53643_c0_g1_i1,310,0
TRINITY_DN53643_c0_g1_i1,488,0
TRINITY_DN53643_c0_g1_i1,512,0
TRINITY_DN53643_c0_g1_i1,536,0
TRINITY_DN53643_c0_g1_i1,539,0.263736
TRINITY_DN54038_c0_g1_i1,111,0
TRINITY_DN57820_c0_g1_i1,523,0
TRINITY_DN57891_c0_g1_i1,826,0.362637
TRINITY_DN57891_c0_g1_i1,841,0.43956
TRINITY_DN57891_c0_g1_i1,847,0.362637
TRINITY_DN58010_c0_g1_i1,561,0.142857
TRINITY_DN58010_c0_g1_i1,681,0
TRINITY_DN58176_c0_g1_i1,180,0
TRINITY_DN58176_c0_g1_i1,282,0.142857
TRINITY_DN58176_c0_g1_i1,312,0
TRINITY_DN58176_c0_g1_i1,384,0.263736
TRINITY_DN58675_c0_g1_i1,368,0
TRINITY_DN59230_c0_g1_i1,649,0
TRINITY_DN59230_c0_g1_i1,727,0.362637
TRINITY_DN59230_c0_g1_i1,763,0
TRINITY_DN59230_c0_g1_i1,769,0.43956
TRINITY_DN59230_c0_g1_i1,799,0.263736
TRINITY_DN59230_c0_g1_i1,808,0.362637
TRINITY_DN59863_c0_g2_i1,493,0.263736
TRINITY_DN59863_c0_g2_i1,619,0
TRINITY_DN632_c1_g1_i1,1352,0
TRINITY_DN632_c1_g1_i1,1706,0
TRINITY_DN694_c0_g1_i1,771,0.43956
TRINITY_DN694_c0_g1_i1,873,0.263736
TRINITY_DN694_c0_g1_i1,976,0.263736
TRINITY_DN694_c0_g1_i1,1230,0.263736
TRINITY_DN6019_c0_g1_i1,878,0
TRINITY_DN6019_c0_g1_i1,888,0
TRINITY_DN6019_c0_g1_i1,894,0
TRINITY_DN62292_c0_g1_i1,95,0.538462
TRINITY_DN62292_c0_g1_i1,113,0.263736
TRINITY_DN63774_c0_g1_i1,216,0.263736
TRINITY_DN63774_c0_g1_i1,273,0
TRINITY_DN63830_c1_g1_i1,990,0
TRINITY_DN63830_c1_g1_i1,1398,0
TRINITY_DN63872_c0_g1_i1,315,0
TRINITY_DN63872_c0_g1_i1,324,0
TRINITY_DN64050_c1_g1_i1,184,0
TRINITY_DN64050_c1_g1_i1,304,0
TRINITY_DN64278_c1_g1_i1,228,0.494505
TRINITY_DN64588_c0_g1_i1,551,0
TRINITY_DN64808_c0_g1_i1,284,0.263736
TRINITY_DN6691_c0_g1_i1,230,0.263736
TRINITY_DN66159_c0_g1_i1,309,0.43956
TRINITY_DN66159_c0_g1_i1,312,0.43956
TRINITY_DN66408_c0_g1_i1,342,0.43956
TRINITY_DN66408_c0_g1_i1,356,0.362637
TRINITY_DN6868_c0_g1_i1,253,0.527473
TRINITY_DN69804_c0_g1_i1,335,0
TRINITY_DN69804_c0_g1_i1,452,0.362637
TRINITY_DN69804_c0_g1_i1,530,0
TRINITY_DN69804_c0_g1_i1,578,0
TRINITY_DN69804_c0_g1_i1,620,0.263736
TRINITY_DN69892_c1_g1_i1,432,0
TRINITY_DN69892_c1_g1_i1,642,0.43956
TRINITY_DN69933_c0_g1_i1,327,0
TRINITY_DN763_c0_g1_i1,199,0.362637
TRINITY_DN763_c0_g1_i1,283,0.263736
TRINITY_DN763_c0_g1_i1,670,0
TRINITY_DN763_c0_g1_i1,682,0.142857
TRINITY_DN70034_c0_g1_i1,460,0.362637
TRINITY_DN70034_c0_g1_i1,505,0
TRINITY_DN70141_c0_g1_i1,331,0
TRINITY_DN70169_c0_g1_i1,375,0.142857
TRINITY_DN70423_c0_g1_i1,79,0.538462
TRINITY_DN7422_c0_g1_i1,133,0.142857
TRINITY_DN7481_c0_g1_i1,169,0.142857
TRINITY_DN7583_c0_g1_i1,292,0
TRINITY_DN7816_c0_g1_i1,494,0.362637
TRINITY_DN7816_c0_g1_i1,662,0
TRINITY_DN7816_c0_g1_i1,725,0
TRINITY_DN7816_c0_g1_i1,731,0
TRINITY_DN7816_c0_g1_i1,767,0.142857
TRINITY_DN7816_c0_g1_i1,845,0.142857
TRINITY_DN7816_c0_g1_i1,890,0.142857
TRINITY_DN7816_c0_g1_i1,893,0.142857
TRINITY_DN7816_c0_g1_i1,1052,0.142857
TRINITY_DN7816_c0_g1_i1,1160,0.263736
TRINITY_DN7816_c0_g1_i1,1190,0.142857
TRINITY_DN7901_c0_g1_i1,446,0.142857
TRINITY_DN7901_c0_g1_i1,448,0
TRINITY_DN7958_c0_g1_i1,138,0
TRINITY_DN7958_c0_g1_i1,558,0.263736
TRINITY_DN7958_c0_g1_i1,945,0.142857
TRINITY_DN7958_c0_g1_i1,981,0.263736
TRINITY_DN838_c0_g1_i1,694,0
TRINITY_DN838_c0_g1_i1,768,0.142857
TRINITY_DN838_c0_g1_i1,769,0.142857
TRINITY_DN8796_c0_g1_i1,369,0.43956
TRINITY_DN8796_c0_g1_i1,429,0.142857
TRINITY_DN8796_c0_g1_i1,600,0
TRINITY_DN9352_c1_g1_i1,246,0.263736
TRINITY_DN9352_c1_g1_i1,270,0.43956
TRINITY_DN9352_c1_g1_i1,399,0
TRINITY_DN9352_c1_g1_i1,402,0
TRINITY_DN9352_c1_g1_i1,732,0.263736
TRINITY_DN9352_c1_g1_i1,1008,0
TRINITY_DN9352_c1_g1_i1,1020,0
